case,,size,tst_insert,tst_search,tst_ram,bst_insert,bst_search,bst_ram
best,0,5000,0.04909554099867819,0.0065557689958950505,1.0813440000000014,0.0036235009974916466,0.003177117003360763,0.0
best,1,10000,0.020140638000157196,0.013730065998970531,1.2615679999999827,0.00782803499896545,0.00694878600188531,0.0
best,2,15000,0.024393609004619066,0.02092015500238631,2.162688000000003,0.012938676001795102,0.011091967004176695,0.0
worst,0,5000,1.9522933449989068,1.930695923998428,0.5611519999999928,1.8295840610007872,1.4297654670008342,0.0
worst,1,10000,8.065273368003545,7.911875767997117,0.7413760000000025,13.498047057000804,11.86489173299924,0.33587199999999484
worst,2,15000,18.28313838699978,18.270821250000154,1.9824639999999931,43.057894579003914,37.48465425299946,0.7495679999999538
average,0,5000,0.01076372699753847,0.00741506100166589,1.8022399999999834,0.005254443000012543,0.004733000001579057,0.0
average,1,10000,0.04027059699728852,0.02217528599430807,11.354112000000015,0.0382484649962862,0.01012007000099402,0.0
average,2,15000,0.021420828001282644,0.01992003899795236,0.9011199999999917,0.0185454469974502,0.01633523999771569,0.0
